Name,Type,Building,Address,Location Description,Latitude,Longitude,openingHours,ImageURL
Anna's x Soup Union,Food,Central Library,"12 Kent Ridge Cres, #01-03, Singapore 119275",Next to NUS Co-op,1.296444,103.773032,"{""mon"":[{""open"":""08:30"",""close"":""18:00""}],""tue"":[{""open"":""08:30"",""close"":""18:00""}],""wed"":[{""open"":""08:30"",""close"":""18:00""}],""thu"":[{""open"":""08:30"",""close"":""18:00""}],""fri"":[{""open"":""08:30"",""close"":""18:00""}],""sat"":[],""sun"":[]}",https://raw.githubusercontent.com/AY2627S1-CS3219-P4/ErrandBoard/main/data/images/ANNA.jpeg
NUS Co-op,Shopping,Central Library,"12 Kent Ridge Cres, CLB01-02, Singapore 119275",Inside the library on the right side,1.2967866,103.7732677,"{""mon"":[{""open"":""10:00"",""close"":""17:30""}],""tue"":[{""open"":""10:00"",""close"":""17:30""}],""wed"":[{""open"":""10:00"",""close"":""17:30""}],""thu"":[{""open"":""10:00"",""close"":""17:30""}],""fri"":[{""open"":""10:00"",""close"":""17:30""}],""sat"":[],""sun"":[]}",https://raw.githubusercontent.com/AY2627S1-CS3219-P4/ErrandBoard/main/data/images/NUS_COOP.jpeg
Printer @ COM2,Printing,COM2,"15 Computing Dr, Singapore 117418",Next to LT19,1.2938347,103.7744572,"{""mon"":[{""open"":""00:00"",""close"":""23:59""}],""tue"":[{""open"":""00:00"",""close"":""23:59""}],""wed"":[{""open"":""00:00"",""close"":""23:59""}],""thu"":[{""open"":""00:00"",""close"":""23:59""}],""fri"":[{""open"":""00:00"",""close"":""23:59""}],""sat"":[{""open"":""00:00"",""close"":""23:59""}],""sun"":[{""open"":""00:00"",""close"":""23:59""}]}",https://raw.githubusercontent.com/AY2627S1-CS3219-P4/ErrandBoard/main/data/images/PRINTER_COM2.jpeg
Cool Spot,Food,COM2,"15 Computing Dr, Singapore 117418",Opp LT16,1.2940156,103.7738478,"{""mon"":[{""open"":""07:30"",""close"":""19:30""}],""tue"":[{""open"":""07:30"",""close"":""19:30""}],""wed"":[{""open"":""07:30"",""close"":""19:30""}],""thu"":[{""open"":""07:30"",""close"":""19:30""}],""fri"":[{""open"":""07:30"",""close"":""19:30""}],""sat"":[{""open"":""07:30"",""close"":""19:30""}],""sun"":[{""open"":""07:30"",""close"":""19:30""}]}",https://raw.githubusercontent.com/AY2627S1-CS3219-P4/ErrandBoard/main/data/images/COOL_SPOT.jpeg
InstaChef,Food,Terrace,"15 Computing Dr, Singapore 117418",Next to foyer,1.2938898,103.7736305,"{""mon"":[{""open"":""00:00"",""close"":""23:59""}],""tue"":[{""open"":""00:00"",""close"":""23:59""}],""wed"":[{""open"":""00:00"",""close"":""23:59""}],""thu"":[{""open"":""00:00"",""close"":""23:59""}],""fri"":[{""open"":""00:00"",""close"":""23:59""}],""sat"":[{""open"":""00:00"",""close"":""23:59""}],""sun"":[{""open"":""00:00"",""close"":""23:59""}]}",https://raw.githubusercontent.com/AY2627S1-CS3219-P4/ErrandBoard/main/data/images/INSTACHEF.jpeg
Cofe+ Robot Cafe,Food/Coffee,Central Library,"12 Kent Ridge Cres, Level 1, Singapore 119275",Opp to central library entrance,1.296444,103.773032,"{""mon"":[{""open"":""00:00"",""close"":""23:59""}],""tue"":[{""open"":""00:00"",""close"":""23:59""}],""wed"":[{""open"":""00:00"",""close"":""23:59""}],""thu"":[{""open"":""00:00"",""close"":""23:59""}],""fri"":[{""open"":""00:00"",""close"":""23:59""}],""sat"":[{""open"":""00:00"",""close"":""23:59""}],""sun"":[{""open"":""00:00"",""close"":""23:59""}]}",https://raw.githubusercontent.com/AY2627S1-CS3219-P4/ErrandBoard/main/data/images/ROBOT_CAFE.jpeg
A Hot Hideout,Food,Prince George's Park,"27 Prince George's Pk, #02-01 National University of Singapore, Singapore 118425",Near PGP entrance,1.2908445,103.7770891,"{""mon"":[{""open"":""11:00"",""close"":""21:30""}],""tue"":[{""open"":""11:00"",""close"":""21:30""}],""wed"":[{""open"":""11:00"",""close"":""21:30""}],""thu"":[{""open"":""11:00"",""close"":""21:30""}],""fri"":[{""open"":""11:00"",""close"":""21:30""}],""sat"":[{""open"":""11:00"",""close"":""21:30""}],""sun"":[{""open"":""11:00"",""close"":""21:30""}]}",
Arise and Shine,Food,Engineering Block E4,"4 Engineering Drive 3, Singapore 117583",Near LT6,1.2991517,103.769064,"{""mon"":[{""open"":""08:00"",""close"":""18:00""}],""tue"":[{""open"":""08:00"",""close"":""18:00""}],""wed"":[{""open"":""08:00"",""close"":""18:00""}],""thu"":[{""open"":""08:00"",""close"":""18:00""}],""fri"":[{""open"":""08:00"",""close"":""18:00""}],""sat"":[{""open"":""08:30"",""close"":""15:30""}],""sun"":[]}",
Bakehaus / Aurea,Food,The Ridge,"17 Computing Dr, #119881, Singapore 119881",Near COM2,1.2946778,103.7707872,"{""mon"":[{""open"":""08:00"",""close"":""21:00""}],""tue"":[{""open"":""08:00"",""close"":""21:00""}],""wed"":[{""open"":""08:00"",""close"":""21:00""}],""thu"":[{""open"":""08:00"",""close"":""21:00""}],""fri"":[{""open"":""08:00"",""close"":""21:00""}],""sat"":[{""open"":""08:00"",""close"":""21:00""}],""sun"":[{""open"":""08:00"",""close"":""21:00""}]}",
Central Square @ YIH,Food,Yusof Ishak House,"31 Lower Kent Ridge Rd, Singapore 119078",Closest to Opp UHC bus stop,1.2984401,103.7726256,"{""mon"":[{""open"":""08:00"",""close"":""20:00""}],""tue"":[{""open"":""08:00"",""close"":""20:00""}],""wed"":[{""open"":""08:00"",""close"":""20:00""}],""thu"":[{""open"":""08:00"",""close"":""20:00""}],""fri"":[{""open"":""08:00"",""close"":""20:00""}],""sat"":[{""open"":""08:30"",""close"":""14:30""}],""sun"":[]}",
Pasta Express,Food,Frontier,"6 Science Drive 2, Singapore 117546",Aircon section,1.2965872,103.7799092,"{""mon"":[{""open"":""09:30"",""close"":""19:30""}],""tue"":[{""open"":""09:30"",""close"":""19:30""}],""wed"":[{""open"":""09:30"",""close"":""19:30""}],""thu"":[{""open"":""09:30"",""close"":""19:30""}],""fri"":[{""open"":""09:30"",""close"":""19:30""}],""sat"":[{""open"":""09:30"",""close"":""13:30""}],""sun"":[]}",
TOMORO COFFEE,Food/Coffee,Hon Sui Sen Memorial Library,"1 Hon Sui Sen Dr Level 2, NUS, 1 Hon Sui Sen Dr, Hon Sui Sen Memorial Library, 117588",Inside HSSML,1.2931259,103.7719943,"{""mon"":[{""open"":""08:15"",""close"":""18:00""}],""tue"":[{""open"":""08:15"",""close"":""18:00""}],""wed"":[{""open"":""08:15"",""close"":""18:00""}],""thu"":[{""open"":""08:15"",""close"":""18:00""}],""fri"":[{""open"":""08:15"",""close"":""18:00""}],""sat"":[],""sun"":[]}",
Octobox,Shopping,Prince George's Park,"27 Prince George's Pk, #02-02, Singapore 118425",Near PGP entrance,1.2904347,103.7787588,"{""mon"":[{""open"":""00:00"",""close"":""23:59""}],""tue"":[{""open"":""00:00"",""close"":""23:59""}],""wed"":[{""open"":""00:00"",""close"":""23:59""}],""thu"":[{""open"":""00:00"",""close"":""23:59""}],""fri"":[{""open"":""00:00"",""close"":""23:59""}],""sat"":[{""open"":""00:00"",""close"":""23:59""}],""sun"":[{""open"":""00:00"",""close"":""23:59""}]}",
Smooy,Food,COM3,"11 Research Link, #01-01, Singapore 119391",The Terrace @ COM3,1.2948308,103.7716305,"{""mon"":[{""open"":""11:00"",""close"":""21:00""}],""tue"":[{""open"":""11:00"",""close"":""21:00""}],""wed"":[{""open"":""11:00"",""close"":""21:00""}],""thu"":[{""open"":""11:00"",""close"":""21:00""}],""fri"":[{""open"":""11:00"",""close"":""21:00""}],""sat"":[],""sun"":[]}",
Goh Bros E-Print Pte Ltd,Printing,Yusof Ishak House,"31 Lower Kent Ridge Rd, #05-01, Singapore 119078",Take the long staircase up YIH,1.2984905,103.7720544,"{""mon"":[{""open"":""09:00"",""close"":""18:00""}],""tue"":[{""open"":""09:00"",""close"":""18:00""}],""wed"":[{""open"":""09:00"",""close"":""18:00""}],""thu"":[{""open"":""09:00"",""close"":""18:00""}],""fri"":[{""open"":""09:00"",""close"":""18:00""}],""sat"":[],""sun"":[]}",
Cheers Unmanned Convenience Store,Shopping,Engineering Block E3,"2 Engineering Drive 3, #06-28, Singapore 117581",Take right from Arise n Shine,1.2996915,103.7717700,"{""mon"":[{""open"":""00:00"",""close"":""23:59""}],""tue"":[{""open"":""00:00"",""close"":""23:59""}],""wed"":[{""open"":""00:00"",""close"":""23:59""}],""thu"":[{""open"":""00:00"",""close"":""23:59""}],""fri"":[{""open"":""00:00"",""close"":""23:59""}],""sat"":[{""open"":""00:00"",""close"":""23:59""}],""sun"":[{""open"":""00:00"",""close"":""23:59""}]}",
Nami,Food,innovation4.0,"3 Research Link, #01-01, Singapore 117602",Opp TCOMS,1.2942982,103.7708813,"{""mon"":[{""open"":""08:00"",""close"":""17:30""}],""tue"":[{""open"":""08:00"",""close"":""17:30""}],""wed"":[{""open"":""08:00"",""close"":""17:30""}],""thu"":[{""open"":""08:00"",""close"":""17:30""}],""fri"":[{""open"":""08:00"",""close"":""17:30""}],""sat"":[],""sun"":[]}",
Supersnacks,Food,Prince George's Park,"29 Prince George's Pk, Singapore 118426","At level 1 in Prince George's Park Residences, Block 10",1.2913847,103.7776367,"{""mon"":[{""open"":""11:00"",""close"":""02:00""}],""tue"":[{""open"":""11:00"",""close"":""02:00""}],""wed"":[{""open"":""11:00"",""close"":""02:00""}],""thu"":[{""open"":""11:00"",""close"":""02:00""}],""fri"":[{""open"":""11:00"",""close"":""02:00""}],""sat"":[{""open"":""18:00"",""close"":""02:00""}],""sun"":[{""open"":""18:00"",""close"":""02:00""}]}",
Good Day Cafe,Food/Coffee,Medicine+Science Library,"11 Lower Kent Ridge Rd, Singapore 119083",Inside MedScience library,1.2967989,103.7794336,"{""mon"":[{""open"":""07:30"",""close"":""18:30""}],""tue"":[{""open"":""07:30"",""close"":""18:30""}],""wed"":[{""open"":""07:30"",""close"":""18:30""}],""thu"":[{""open"":""07:30"",""close"":""18:30""}],""fri"":[{""open"":""07:30"",""close"":""18:30""}],""sat"":[],""sun"":[]}",
The Coffee Roaster,Food/Coffee,AS8,"10 Kent Ridge Cres, #01-02 Block AS8, Singapore 119260",Behind central library bus stop,1.296252229,103.7720926,"{""mon"":[{""open"":""08:00"",""close"":""17:30""}],""tue"":[{""open"":""08:00"",""close"":""17:30""}],""wed"":[{""open"":""08:00"",""close"":""17:30""}],""thu"":[{""open"":""08:00"",""close"":""17:30""}],""fri"":[{""open"":""08:00"",""close"":""17:30""}],""sat"":[],""sun"":[]}",
he by He Brews,Food/Coffee,Engineering Block EA,"9 Engineering Dr 1, Singapore 117575",Near LT7 & Engineering Auditorium,1.300566804,103.7707577,"{""mon"":[{""open"":""08:00"",""close"":""17:00""}],""tue"":[{""open"":""08:00"",""close"":""17:00""}],""wed"":[{""open"":""08:00"",""close"":""17:00""}],""thu"":[{""open"":""08:00"",""close"":""17:00""}],""fri"":[{""open"":""08:00"",""close"":""17:00""}],""sat"":[],""sun"":[]}",
Techno Edge,Food,Techno Edge,"2 Engineering Drive 4, Singapore 117584",Across the road from Central Library,1.29758,103.77251,"{""mon"":[{""open"":""07:00"",""close"":""20:00""}],""tue"":[{""open"":""07:00"",""close"":""20:00""}],""wed"":[{""open"":""07:00"",""close"":""20:00""}],""thu"":[{""open"":""07:00"",""close"":""20:00""}],""fri"":[{""open"":""07:00"",""close"":""20:00""}],""sat"":[{""open"":""07:30"",""close"":""14:00""}],""sun"":[]}",
Starbucks @ Techno Edge,Food/Coffee,Techno Edge,"2 Engineering Drive 4, Singapore 117584",Inside Techno Edge,1.29758,103.77251,"{""mon"":[{""open"":""08:00"",""close"":""16:30""}],""tue"":[{""open"":""08:00"",""close"":""16:30""}],""wed"":[{""open"":""08:00"",""close"":""16:30""}],""thu"":[{""open"":""08:00"",""close"":""16:30""}],""fri"":[{""open"":""08:00"",""close"":""16:30""}],""sat"":[],""sun"":[]}",
Frontier,Food,Frontier,"6 Science Drive 2, Singapore 117546",Faculty of Science canteen,1.2967292,103.7803005,"{""mon"":[{""open"":""07:30"",""close"":""16:00""}],""tue"":[{""open"":""07:30"",""close"":""16:00""}],""wed"":[{""open"":""07:30"",""close"":""16:00""}],""thu"":[{""open"":""07:30"",""close"":""16:00""}],""fri"":[{""open"":""07:30"",""close"":""16:00""}],""sat"":[{""open"":""07:30"",""close"":""15:00""}],""sun"":[]}",
Starbucks @ S9,Food/Coffee,Science Block S9,"Block S9, Science Drive 4, Singapore 117543",Faculty of Science near Frontier,1.2961351,103.7799575,"{""mon"":[{""open"":""07:30"",""close"":""19:00""}],""tue"":[{""open"":""07:30"",""close"":""19:00""}],""wed"":[{""open"":""07:30"",""close"":""19:00""}],""thu"":[{""open"":""07:30"",""close"":""19:00""}],""fri"":[{""open"":""07:30"",""close"":""19:00""}],""sat"":[],""sun"":[]}",
CHAGEE,Food/Coffee,Yusof Ishak House,"31 Lower Kent Ridge Rd, #01-09, Singapore 119078",Level 1 of YIH,1.2984106,103.7745539,"{""mon"":[{""open"":""10:30"",""close"":""20:30""}],""tue"":[{""open"":""10:30"",""close"":""20:30""}],""wed"":[{""open"":""10:30"",""close"":""20:30""}],""thu"":[{""open"":""10:30"",""close"":""20:30""}],""fri"":[{""open"":""10:30"",""close"":""20:30""}],""sat"":[{""open"":""10:30"",""close"":""20:30""}],""sun"":[{""open"":""10:30"",""close"":""20:30""}]}",
Makan Boleh,Food,COM3,"11 Research Link, #01-03 NUS Com3 Building, Singapore 119391",The Terrace @ COM3,1.2948308,103.7716305,"{""mon"":[{""open"":""08:00"",""close"":""19:00""}],""tue"":[{""open"":""08:00"",""close"":""19:00""}],""wed"":[{""open"":""08:00"",""close"":""19:00""}],""thu"":[{""open"":""08:00"",""close"":""19:00""}],""fri"":[{""open"":""08:00"",""close"":""19:00""}],""sat"":[],""sun"":[]}",
The Coffee Bean & Tea Leaf,Food/Coffee,COM3,"11 Research Link, #01-02, Singapore 119391",The Terrace @ COM3,1.2948308,103.7716305,"{""mon"":[{""open"":""09:00"",""close"":""18:00""}],""tue"":[{""open"":""09:00"",""close"":""18:00""}],""wed"":[{""open"":""09:00"",""close"":""18:00""}],""thu"":[{""open"":""09:00"",""close"":""18:00""}],""fri"":[{""open"":""09:00"",""close"":""18:00""}],""sat"":[],""sun"":[]}",
Sloppy B,Food,University Sports Centre,"2 Sports Dr., #03-03 University Sports Centre, Singapore 117288",Level 3 of the Sports Centre,1.3000609,103.7749924,"{""mon"":[{""open"":""10:00"",""close"":""22:00""}],""tue"":[{""open"":""10:00"",""close"":""22:00""}],""wed"":[{""open"":""10:00"",""close"":""22:00""}],""thu"":[{""open"":""10:00"",""close"":""22:00""}],""fri"":[{""open"":""10:00"",""close"":""20:00""}],""sat"":[{""open"":""10:00"",""close"":""14:30""}],""sun"":[]}",
Bismillah Biryani,Food,Stephen Riady Centre,"2 College Ave W, #01-04, Singapore 138607",UTown Stephen Riady Centre,1.304895,103.772481,"{""mon"":[{""open"":""11:30"",""close"":""19:30""}],""tue"":[{""open"":""11:30"",""close"":""19:30""}],""wed"":[{""open"":""11:30"",""close"":""19:30""}],""thu"":[{""open"":""11:30"",""close"":""19:30""}],""fri"":[{""open"":""11:30"",""close"":""19:30""}],""sat"":[{""open"":""11:30"",""close"":""17:00""}],""sun"":[]}",
Flavours @ UTown,Food,Stephen Riady Centre,"2 College Ave W, #02-01, Singapore 138607",UTown food court in Stephen Riady Centre,1.304895,103.772481,"{""mon"":[{""open"":""07:30"",""close"":""20:30""}],""tue"":[{""open"":""07:30"",""close"":""20:30""}],""wed"":[{""open"":""07:30"",""close"":""20:30""}],""thu"":[{""open"":""07:30"",""close"":""20:30""}],""fri"":[{""open"":""07:30"",""close"":""20:30""}],""sat"":[{""open"":""07:30"",""close"":""20:30""}],""sun"":[{""open"":""07:30"",""close"":""20:30""}]}",
FairPrice Xpress,Shopping,Stephen Riady Centre,"2 College Ave W, #01-05, Singapore 138607",UTown Stephen Riady Centre,1.304895,103.772481,"{""mon"":[{""open"":""00:00"",""close"":""23:59""}],""tue"":[{""open"":""00:00"",""close"":""23:59""}],""wed"":[{""open"":""00:00"",""close"":""23:59""}],""thu"":[{""open"":""00:00"",""close"":""23:59""}],""fri"":[{""open"":""00:00"",""close"":""23:59""}],""sat"":[{""open"":""00:00"",""close"":""23:59""}],""sun"":[{""open"":""00:00"",""close"":""23:59""}]}",
Octobox NUS UTown,Shopping,Stephen Riady Centre,"2 College Ave W, #01-07, Singapore 138607",Unmanned store in Stephen Riady Centre,1.304895,103.772481,"{""mon"":[{""open"":""00:00"",""close"":""23:59""}],""tue"":[{""open"":""00:00"",""close"":""23:59""}],""wed"":[{""open"":""00:00"",""close"":""23:59""}],""thu"":[{""open"":""00:00"",""close"":""23:59""}],""fri"":[{""open"":""00:00"",""close"":""23:59""}],""sat"":[{""open"":""00:00"",""close"":""23:59""}],""sun"":[{""open"":""00:00"",""close"":""23:59""}]}",
Fine Food,Food,Town Plaza,"1 Create Way, #01-04, Singapore 138602",UTown food court in Town Plaza,1.303552,103.774496,"{""mon"":[{""open"":""08:00"",""close"":""20:30""}],""tue"":[{""open"":""08:00"",""close"":""20:30""}],""wed"":[{""open"":""08:00"",""close"":""20:30""}],""thu"":[{""open"":""08:00"",""close"":""20:30""}],""fri"":[{""open"":""08:00"",""close"":""20:30""}],""sat"":[{""open"":""08:00"",""close"":""20:30""}],""sun"":[{""open"":""08:00"",""close"":""20:30""}]}",
Hwang's Korean Restaurant,Food,Town Plaza,"1 Create Way, #01-09, Singapore 138602",Town Plaza,1.303552,103.774496,"{""mon"":[{""open"":""10:30"",""close"":""21:00""}],""tue"":[{""open"":""10:30"",""close"":""21:00""}],""wed"":[{""open"":""10:30"",""close"":""21:00""}],""thu"":[{""open"":""10:30"",""close"":""21:00""}],""fri"":[{""open"":""10:30"",""close"":""21:00""}],""sat"":[{""open"":""10:30"",""close"":""21:00""}],""sun"":[]}",
NUS Co-op,Shopping,LT27,"5 Science Drive 1, #01-01, Singapore 118953",Outside LT27,1.297353174,103.7808231,"{""mon"":[{""open"":""10:00"",""close"":""17:30""}],""tue"":[{""open"":""10:00"",""close"":""17:30""}],""wed"":[{""open"":""10:00"",""close"":""17:30""}],""thu"":[{""open"":""10:00"",""close"":""17:30""}],""fri"":[{""open"":""10:00"",""close"":""17:30""}],""sat"":[],""sun"":[]}",
Printer @ CLB,Printing,Central Library,"12 Kent Ridge Cres, Singapore 119275",Inside Central Library,1.29667909,103.7731879,"{""mon"":[{""open"":""09:00"",""close"":""21:00""}],""tue"":[{""open"":""09:00"",""close"":""21:00""}],""wed"":[{""open"":""09:00"",""close"":""21:00""}],""thu"":[{""open"":""09:00"",""close"":""21:00""}],""fri"":[{""open"":""09:00"",""close"":""21:00""}],""sat"":[{""open"":""10:00"",""close"":""17:00""}],""sun"":[]}",